/* Задача NN
i. Заполнить все таблицы БД vk данными (по 10-100 записей в каждой таблице)+
ii. Написать скрипт, возвращающий список имен (только firstname) пользователей без повторений в алфавитном порядке+
iii. Написать скрипт, отмечающий несовершеннолетних пользователей как неактивных (поле is_active = true). При необходимости предварительно добавить такое поле в таблицу profiles со значением по умолчанию = false (или 0)
iv. Написать скрипт, удаляющий сообщения «из будущего» (дата позже сегодняшней)
v. Написать название темы курсового проекта (в комментарии)
*/


-- создание таблиц


DROP DATABASE IF EXISTS vk;
CREATE DATABASE vk;
USE vk;


DROP TABLE IF EXISTS `users`;
CREATE TABLE `users` (
  `id` bigint(20) unsigned NOT NULL AUTO_INCREMENT,
  `firstname` varchar(50) COLLATE utf8_unicode_ci DEFAULT NULL,
  `lastname` varchar(50) COLLATE utf8_unicode_ci DEFAULT NULL COMMENT 'Фамиль',
  `email` varchar(120) COLLATE utf8_unicode_ci DEFAULT NULL,
  `phone` bigint(20) DEFAULT NULL,
  PRIMARY KEY (`id`),
  UNIQUE KEY `email` (`email`),
  KEY `users_phone_idx` (`phone`),
  KEY `users_firstname_lastname_idx` (`firstname`,`lastname`)
) ENGINE=InnoDB AUTO_INCREMENT=101 DEFAULT CHARSET=utf8 COLLATE=utf8_unicode_ci;


DROP TABLE IF EXISTS `communities`;
CREATE TABLE `communities` (
  `id` bigint(20) unsigned NOT NULL AUTO_INCREMENT,
  `name` varchar(150) COLLATE utf8_unicode_ci DEFAULT NULL,
  PRIMARY KEY (`id`),
  KEY `communities_name_idx` (`name`)
) ENGINE=InnoDB AUTO_INCREMENT=101 DEFAULT CHARSET=utf8 COLLATE=utf8_unicode_ci;


DROP TABLE IF EXISTS `friend_requests`;
CREATE TABLE `friend_requests` (
  `initiator_user_id` bigint(20) unsigned NOT NULL,
  `target_user_id` bigint(20) unsigned NOT NULL,
  `status` enum('requested','approved','unfriended','declined') COLLATE utf8_unicode_ci DEFAULT NULL,
  `requested_at` datetime DEFAULT current_timestamp(),
  `confirmed_at` datetime DEFAULT NULL,
  PRIMARY KEY (`initiator_user_id`,`target_user_id`),
  KEY `initiator_user_id` (`initiator_user_id`),
  KEY `target_user_id` (`target_user_id`),
  CONSTRAINT `friend_requests_ibfk_1` FOREIGN KEY (`initiator_user_id`) REFERENCES `users` (`id`),
  CONSTRAINT `friend_requests_ibfk_2` FOREIGN KEY (`target_user_id`) REFERENCES `users` (`id`)
) ENGINE=InnoDB DEFAULT CHARSET=utf8 COLLATE=utf8_unicode_ci;



DROP TABLE IF EXISTS `likes`;
CREATE TABLE `likes` (
  `id` bigint(20) unsigned NOT NULL AUTO_INCREMENT,
  `user_id` bigint(20) unsigned NOT NULL,
  `media_id` bigint(20) unsigned NOT NULL,
  `created_at` datetime DEFAULT current_timestamp(),
  PRIMARY KEY (`id`)
) ENGINE=InnoDB AUTO_INCREMENT=101 DEFAULT CHARSET=utf8 COLLATE=utf8_unicode_ci;



DROP TABLE IF EXISTS `media_types`;
CREATE TABLE `media_types` (
  `id` bigint(20) unsigned NOT NULL AUTO_INCREMENT,
  `name` varchar(255) COLLATE utf8_unicode_ci DEFAULT NULL,
  `created_at` datetime DEFAULT current_timestamp(),
  `updated_at` datetime DEFAULT current_timestamp() ON UPDATE current_timestamp(),
  PRIMARY KEY (`id`)
) ENGINE=InnoDB AUTO_INCREMENT=11 DEFAULT CHARSET=utf8 COLLATE=utf8_unicode_ci;


DROP TABLE IF EXISTS `media`;
CREATE TABLE `media` (
  `id` bigint(20) unsigned NOT NULL AUTO_INCREMENT,
  `media_type_id` bigint(20) unsigned NOT NULL,
  `user_id` bigint(20) unsigned NOT NULL,
  `body` text COLLATE utf8_unicode_ci DEFAULT NULL,
  `filename` varchar(255) COLLATE utf8_unicode_ci DEFAULT NULL,
  `size` int(11) DEFAULT NULL,
  `metadata` longtext CHARACTER SET utf8mb4 COLLATE utf8mb4_bin DEFAULT NULL,
  `created_at` datetime DEFAULT current_timestamp(),
  `updated_at` datetime DEFAULT current_timestamp() ON UPDATE current_timestamp(),
  PRIMARY KEY (`id`),
  KEY `user_id` (`user_id`),
  KEY `media_type_id` (`media_type_id`),
  CONSTRAINT `media_ibfk_1` FOREIGN KEY (`user_id`) REFERENCES `users` (`id`),
  CONSTRAINT `media_ibfk_2` FOREIGN KEY (`media_type_id`) REFERENCES `media_types` (`id`)
) ENGINE=InnoDB AUTO_INCREMENT=101 DEFAULT CHARSET=utf8 COLLATE=utf8_unicode_ci;


DROP TABLE IF EXISTS `messages`;
CREATE TABLE `messages` (
  `id` bigint(20) unsigned NOT NULL AUTO_INCREMENT,
  `from_user_id` bigint(20) unsigned NOT NULL,
  `to_user_id` bigint(20) unsigned NOT NULL,
  `body` text COLLATE utf8_unicode_ci DEFAULT NULL,
  `created_at` datetime DEFAULT current_timestamp(),
  PRIMARY KEY (`id`),
  KEY `messages_from_user_id` (`from_user_id`),
  KEY `messages_to_user_id` (`to_user_id`),
  CONSTRAINT `messages_ibfk_1` FOREIGN KEY (`from_user_id`) REFERENCES `users` (`id`),
  CONSTRAINT `messages_ibfk_2` FOREIGN KEY (`to_user_id`) REFERENCES `users` (`id`)
) ENGINE=InnoDB AUTO_INCREMENT=101 DEFAULT CHARSET=utf8 COLLATE=utf8_unicode_ci;


DROP TABLE IF EXISTS `photo_albums`;
CREATE TABLE `photo_albums` (
  `id` bigint(20) unsigned NOT NULL AUTO_INCREMENT,
  `name` varchar(255) COLLATE utf8_unicode_ci DEFAULT NULL,
  `user_id` bigint(20) unsigned DEFAULT NULL,
  PRIMARY KEY (`id`),
  UNIQUE KEY `id` (`id`),
  KEY `user_id` (`user_id`),
  CONSTRAINT `photo_albums_ibfk_1` FOREIGN KEY (`user_id`) REFERENCES `users` (`id`)
) ENGINE=InnoDB AUTO_INCREMENT=101 DEFAULT CHARSET=utf8 COLLATE=utf8_unicode_ci;


DROP TABLE IF EXISTS `photos`;
CREATE TABLE `photos` (
  `id` bigint(20) unsigned NOT NULL AUTO_INCREMENT,
  `album_id` bigint(20) unsigned NOT NULL,
  `media_id` bigint(20) unsigned NOT NULL,
  PRIMARY KEY (`id`),
  KEY `album_id` (`album_id`),
  KEY `media_id` (`media_id`),
  CONSTRAINT `photos_ibfk_1` FOREIGN KEY (`album_id`) REFERENCES `photo_albums` (`id`),
  CONSTRAINT `photos_ibfk_2` FOREIGN KEY (`media_id`) REFERENCES `media` (`id`)
) ENGINE=InnoDB AUTO_INCREMENT=101 DEFAULT CHARSET=utf8 COLLATE=utf8_unicode_ci;


DROP TABLE IF EXISTS `profiles`;
CREATE TABLE `profiles` (
  `user_id` bigint(20) unsigned NOT NULL AUTO_INCREMENT,
  `gender` char(1) COLLATE utf8_unicode_ci DEFAULT NULL,
  `birthday` date DEFAULT NULL,
  `photo_id` bigint(20) unsigned DEFAULT NULL,
  `created_at` datetime DEFAULT current_timestamp(),
  `hometown` varchar(100) COLLATE utf8_unicode_ci DEFAULT NULL,
  PRIMARY KEY (`user_id`),
  CONSTRAINT `profiles_ibfk_1` FOREIGN KEY (`user_id`) REFERENCES `users` (`id`) ON UPDATE CASCADE
) ENGINE=InnoDB AUTO_INCREMENT=101 DEFAULT CHARSET=utf8 COLLATE=utf8_unicode_ci;


DROP TABLE IF EXISTS `users_communities`;
CREATE TABLE `users_communities` (
  `user_id` bigint(20) unsigned NOT NULL,
  `community_id` bigint(20) unsigned NOT NULL,
  PRIMARY KEY (`user_id`,`community_id`),
  KEY `community_id` (`community_id`),
  CONSTRAINT `users_communities_ibfk_1` FOREIGN KEY (`user_id`) REFERENCES `users` (`id`),
  CONSTRAINT `users_communities_ibfk_2` FOREIGN KEY (`community_id`) REFERENCES `communities` (`id`)
) ENGINE=InnoDB DEFAULT CHARSET=utf8 COLLATE=utf8_unicode_ci;

-- наполнение нужными данными
-- i. Заполнить все таблицы БД vk данными (по 10-100 записей в каждой таблице)+
INSERT INTO `users` VALUES ('1','Jada','Bosco','kaley.ortiz@example.org','33'),
('2','Nathanial','Kuphal','ferry.millie@example.org','805'),
('3','Bud','Schmeler','yschmeler@example.com','966'),
('4','Gilberto','Nienow','stella.schimmel@example.org','76'),
('5','Creola','Konopelski','lhackett@example.net','0'),
('6','Maribel','Heidenreich','ujones@example.org','0'),
('7','Emilio','Kub','gudrun16@example.org','0'),
('8','Margie','Hodkiewicz','schowalter.elliott@example.net','1'),
('9','Leda','Carroll','blick.dominic@example.net','683912'),
('10','Malvina','Dickens','khauck@example.net','649'),
('11','Travis','Paucek','dessie27@example.net','2'),
('12','Hayden','Reichel','gschaefer@example.org','43845'),
('13','Miguel','Dooley','lbergnaum@example.net','1'),
('14','Vincenza','Will','paula58@example.org','2179264823'),
('15','Vena','Ratke','sarai62@example.com','14'),
('16','Vickie','McCullough','owen96@example.com','1'),
('17','Howell','Conroy','lcrona@example.com','94392'),
('18','Camylle','Leuschke','juliana.gerhold@example.com','554736'),
('19','D\'angelo','Terry','goldner.jordy@example.net','0'),
('20','Andre','Ratke','udubuque@example.net','50'),
('21','Camryn','Robel','olga.larson@example.com','378443'),
('22','Lauren','Weimann','adolf81@example.org','362'),
('23','Cara','Bruen','lhowe@example.net','186'),
('24','Osbaldo','Hickle','eduardo43@example.com','9358673550'),
('25','Paul','Mitchell','kelli.quitzon@example.org','391113'),
('26','Cordell','Raynor','uokuneva@example.net','1'),
('27','Keyon','Corkery','cleve70@example.org','0'),
('28','Kirsten','Hettinger','sipes.amy@example.net','0'),
('29','Chanel','Wiza','o\'hara.rosamond@example.net','309'),
('30','Akeem','Larkin','aurelie.walsh@example.net','0'),
('31','Johnathon','Howell','uharris@example.org','0'),
('32','Alexane','Wiegand','hbeahan@example.net','0'),
('33','Darien','Eichmann','cmertz@example.org','0'),
('34','Austin','Sipes','dmcglynn@example.com','1'),
('35','Vilma','Boyle','vlarson@example.net','1'),
('36','Anthony','Kautzer','haven.walsh@example.net','33'),
('37','Mikayla','Rosenbaum','pouros.faye@example.net','62'),
('38','Cecilia','Romaguera','pfeffer.quinton@example.org','681470764'),
('39','Yasmeen','Barton','eichmann.mackenzie@example.com','0'),
('40','Brennan','Ziemann','ricardo.senger@example.com','464'),
('41','Felipa','Mraz','qhoeger@example.com','76'),
('42','Mona','Kshlerin','johann.murazik@example.com','265951'),
('43','Keira','Reinger','beier.nellie@example.org','0'),
('44','Helmer','Orn','ratke.avis@example.net','1'),
('45','Angelica','Braun','carmel.abbott@example.net','35'),
('46','Antonia','Shields','fabshire@example.com','782893'),
('47','Leonel','Ziemann','norberto45@example.net','0'),
('48','Laverna','Gerlach','blick.mozell@example.com','0'),
('49','Rex','Gutkowski','allie52@example.com','0'),
('50','Elias','Christiansen','rherman@example.com','757170'),
('51','Leanne','Klocko','ashlynn70@example.net','1'),
('52','Assunta','Williamson','cruickshank.blair@example.com','0'),
('53','Zoie','Rowe','guiseppe.dickens@example.com','386'),
('54','Brennon','Collier','heloise.hand@example.com','29'),
('55','Buck','Kihn','suzanne90@example.org','1'),
('56','Zora','Witting','bell83@example.org','45'),
('57','Drake','Hagenes','jamaal09@example.com','694'),
('58','Yasmine','Mitchell','pasquale69@example.org','1'),
('59','Bria','Cartwright','rbrown@example.net','172270'),
('60','Lora','Gerlach','aiden.leannon@example.org','3'),
('61','Harrison','VonRueden','gabernathy@example.org','1'),
('62','Joshua','Gutkowski','keeling.tamia@example.net','8138757961'),
('63','Rickey','Hessel','brock.bechtelar@example.org','1'),
('64','Freeda','Upton','ybashirian@example.com','61'),
('65','Anabelle','Konopelski','leola58@example.org','53'),
('66','Gracie','Hettinger','kacie70@example.com','874834'),
('67','Pattie','Schiller','braeden45@example.com','8642671536'),
('68','Rita','McClure','ewiegand@example.org','3800734478'),
('69','Kasey','Bayer','nels.harvey@example.com','29738'),
('70','Onie','Keeling','aspencer@example.org','0'),
('71','Sasha','Bruen','gerda.o\'hara@example.net','0'),
('72','Brook','Corwin','kyla.williamson@example.net','232170'),
('73','Hortense','Wuckert','blick.kathryne@example.com','20'),
('74','Alisha','Glover','kunze.dan@example.com','351'),
('75','Brannon','Green','johann26@example.net','5802615249'),
('76','Courtney','Borer','kasandra02@example.com','0'),
('77','Tom','Mayer','leannon.merritt@example.net','0'),
('78','Clemens','Hermann','skiles.lionel@example.org','0'),
('79','Houston','Quigley','amani94@example.org','1'),
('80','Gaston','Donnelly','riley.howe@example.org','229'),
('81','Jordyn','Vandervort','haag.ariel@example.net','0'),
('82','Aglae','Waelchi','bayer.alfonzo@example.net','563'),
('83','Bria','Weimann','rolfson.katlynn@example.com','1'),
('84','Taurean','Conn','altenwerth.vito@example.com','501'),
('85','Dallas','Hammes','nina.ebert@example.net','871'),
('86','Pierce','Jakubowski','destini.dooley@example.net','914200'),
('87','Abbey','Torphy','dach.don@example.org','0'),
('88','Ryan','Lind','calista.mann@example.org','508905'),
('89','Nicolette','Kuvalis','hmcglynn@example.org','1'),
('90','Sven','Mitchell','ebatz@example.org','393002'),
('91','Louisa','Mills','mmoore@example.com','1'),
('92','Aiyana','Lehner','alejandrin31@example.com','1'),
('93','Meda','Breitenberg','abbey.cartwright@example.com','1'),
('94','Ethelyn','Jakubowski','npowlowski@example.org','533'),
('95','Griffin','Farrell','anissa89@example.com','44'),
('96','Adele','Morissette','chelsey.veum@example.net','8'),
('97','Zaria','Carroll','waters.lloyd@example.org','850'),
('98','Roslyn','Senger','ipagac@example.net','1'),
('99','Cheyanne','Yost','roosevelt.mueller@example.net','80'),
('100','Reagan','Douglas','ularson@example.net','0'); 


INSERT INTO `communities` VALUES ('10','ad'),
('80','aliquid'),
('91','aliquid'),
('1','animi'),
('89','animi'),
('3','aperiam'),
('90','at'),
('14','aut'),
('69','autem'),
('23','beatae'),
('100','blanditiis'),
('6','commodi'),
('36','consequuntur'),
('72','corrupti'),
('86','cumque'),
('48','delectus'),
('62','delectus'),
('71','delectus'),
('21','dolor'),
('26','dolor'),
('38','dolor'),
('92','dolor'),
('94','dolore'),
('43','dolorem'),
('15','doloribus'),
('8','dolorum'),
('30','dolorum'),
('11','ducimus'),
('25','ducimus'),
('22','ea'),
('82','eaque'),
('9','eos'),
('56','eos'),
('13','est'),
('31','est'),
('33','est'),
('34','est'),
('2','et'),
('7','et'),
('16','et'),
('18','et'),
('41','et'),
('85','et'),
('97','et'),
('19','eum'),
('53','fuga'),
('77','fugiat'),
('95','fugit'),
('51','in'),
('60','in'),
('70','itaque'),
('5','laboriosam'),
('20','laborum'),
('55','maxime'),
('57','minima'),
('66','minima'),
('68','minima'),
('37','molestiae'),
('75','molestiae'),
('83','mollitia'),
('93','nihil'),
('45','nisi'),
('73','nobis'),
('78','nobis'),
('79','non'),
('59','numquam'),
('61','omnis'),
('87','omnis'),
('96','omnis'),
('88','optio'),
('4','praesentium'),
('17','quas'),
('39','qui'),
('81','qui'),
('50','quia'),
('44','quibusdam'),
('28','quis'),
('74','quod'),
('42','quos'),
('12','recusandae'),
('76','reiciendis'),
('27','repellat'),
('84','repellendus'),
('54','rerum'),
('98','saepe'),
('52','sapiente'),
('32','sed'),
('29','similique'),
('46','sit'),
('67','sit'),
('35','sunt'),
('40','totam'),
('24','ullam'),
('58','ut'),
('64','velit'),
('99','velit'),
('47','vitae'),
('63','voluptatem'),
('65','voluptates'),
('49','voluptatum'); 


INSERT INTO `friend_requests` VALUES ('1','1','approved','1999-12-07 07:57:28','2015-07-11 15:43:11'),
('2','2','unfriended','1979-08-19 03:51:07','2007-08-23 11:54:57'),
('3','3','requested','1970-04-08 04:58:48','1978-05-18 19:13:35'),
('4','4','declined','2010-11-06 03:36:29','2019-02-04 00:08:03'),
('5','5','unfriended','2018-03-03 18:44:33','2001-11-12 22:51:54'),
('6','6','approved','2007-10-22 07:09:35','1986-09-24 18:53:30'),
('7','7','requested','2010-06-05 21:08:26','1988-10-29 23:07:09'),
('8','8','requested','1983-09-13 17:19:33','1975-08-08 18:41:14'),
('9','9','unfriended','1991-03-23 01:53:10','1999-12-23 18:41:16'),
('10','10','approved','2012-05-15 17:33:22','1983-02-24 15:25:10'),
('11','11','unfriended','2007-07-02 00:33:50','2002-02-07 14:38:51'),
('12','12','declined','1976-03-17 01:22:47','1970-02-17 02:45:24'),
('13','13','approved','1983-10-15 22:00:53','1978-06-15 01:01:13'),
('14','14','requested','2004-05-30 18:15:23','1995-04-06 23:48:57'),
('15','15','approved','2015-05-15 02:24:59','1970-02-24 13:56:50'),
('16','16','approved','2016-02-03 07:04:03','2013-05-31 02:08:30'),
('17','17','requested','1987-09-19 06:07:56','2001-05-08 02:40:31'),
('18','18','approved','1995-10-24 15:53:18','2004-06-18 14:01:25'),
('19','19','approved','1972-06-30 03:47:17','1998-08-07 14:40:25'),
('20','20','unfriended','1984-09-02 23:08:40','1993-07-30 15:41:54'),
('21','21','approved','1995-08-01 19:43:17','2009-11-20 23:43:58'),
('22','22','approved','1996-04-12 03:22:19','1975-05-12 13:29:01'),
('23','23','unfriended','1990-02-22 10:20:01','1981-01-01 15:41:13'),
('24','24','approved','1997-08-30 22:06:03','2011-03-19 06:18:12'),
('25','25','approved','1971-10-31 05:13:18','2017-09-28 12:38:50'),
('26','26','unfriended','1990-07-09 19:06:46','2008-02-26 19:59:12'),
('27','27','declined','1991-03-01 13:34:20','2006-09-18 19:48:10'),
('28','28','unfriended','1997-07-09 21:25:13','1987-11-23 19:03:13'),
('29','29','declined','1970-04-24 23:21:26','2019-06-27 17:42:06'),
('30','30','approved','2016-02-24 02:41:40','1976-07-16 17:36:02'),
('31','31','requested','1980-10-06 05:12:07','2013-01-13 07:04:50'),
('32','32','approved','1993-01-02 11:37:01','1983-09-11 13:10:34'),
('33','33','declined','1998-03-26 23:22:45','1988-07-07 06:07:55'),
('34','34','unfriended','2018-09-14 21:44:34','2019-09-19 10:14:57'),
('35','35','unfriended','2007-02-11 21:37:27','2013-07-20 07:47:14'),
('36','36','requested','2016-07-24 11:33:45','2014-05-25 09:32:06'),
('37','37','unfriended','2002-11-07 09:35:14','2003-02-03 01:21:09'),
('38','38','approved','1982-12-03 05:48:10','1997-11-01 19:13:43'),
('39','39','approved','2018-02-07 15:50:38','2010-01-14 19:17:26'),
('40','40','declined','2008-04-21 09:37:00','1982-04-23 09:15:47'),
('41','41','declined','2011-03-22 05:10:57','1983-12-23 17:15:21'),
('42','42','approved','2016-09-27 09:08:28','1981-04-14 17:28:06'),
('43','43','requested','1983-12-14 08:36:42','1998-01-03 12:52:45'),
('44','44','declined','1970-11-19 15:32:19','2013-06-19 04:23:44'),
('45','45','requested','1985-12-09 23:04:04','2007-08-30 13:47:12'),
('46','46','requested','2007-04-30 14:16:54','1999-09-05 02:22:40'),
('47','47','unfriended','1970-02-17 17:11:58','2004-12-21 21:11:28'),
('48','48','requested','2016-12-26 21:37:54','2007-07-21 19:39:52'),
('49','49','declined','1970-08-20 21:31:23','1989-07-31 04:18:17'),
('50','50','approved','1973-09-21 05:42:14','1996-12-24 07:46:48'),
('51','51','requested','2016-11-08 03:30:15','1984-12-16 12:25:03'),
('52','52','requested','1972-04-12 17:57:22','1982-10-25 08:28:39'),
('53','53','requested','1990-09-13 20:33:48','2010-05-20 21:15:46'),
('54','54','approved','2017-09-07 19:36:49','1998-02-05 21:23:14'),
('55','55','approved','2000-06-17 15:34:47','1974-06-24 07:07:54'),
('56','56','requested','2017-03-17 06:23:55','1972-04-24 00:21:11'),
('57','57','declined','2018-09-07 09:26:37','2001-11-18 12:18:18'),
('58','58','requested','1996-12-08 03:51:42','1983-03-27 23:38:34'),
('59','59','requested','2014-03-03 11:23:34','2018-02-07 21:23:18'),
('60','60','approved','1997-03-24 02:58:08','1999-07-25 05:41:32'),
('61','61','requested','1982-12-17 11:35:00','2002-01-25 00:51:38'),
('62','62','declined','1977-02-03 14:20:10','1990-09-13 22:39:47'),
('63','63','requested','2008-06-05 08:46:07','2016-11-14 07:12:20'),
('64','64','unfriended','2000-03-25 20:52:08','1983-01-16 06:12:25'),
('65','65','unfriended','2009-02-26 14:09:56','2012-11-07 09:15:17'),
('66','66','approved','1992-12-28 09:09:19','2004-12-04 21:36:27'),
('67','67','approved','1983-11-19 06:25:38','1973-08-16 06:16:35'),
('68','68','unfriended','1976-04-11 22:02:16','2014-09-18 01:22:45'),
('69','69','declined','1986-11-28 02:17:50','2007-04-17 19:52:31'),
('70','70','declined','1979-08-16 00:29:19','2004-12-10 23:07:36'),
('71','71','requested','2000-03-23 15:13:24','1981-04-01 11:05:15'),
('72','72','declined','1986-10-11 22:13:26','2009-05-05 17:01:25'),
('73','73','unfriended','1972-09-12 20:44:47','1974-08-31 05:26:27'),
('74','74','declined','1998-09-03 14:00:36','2013-03-30 13:02:25'),
('75','75','requested','2015-01-08 02:21:03','2017-06-19 17:08:46'),
('76','76','requested','2009-12-15 03:23:56','2013-12-19 17:19:21'),
('77','77','approved','1979-08-21 01:32:41','1987-04-14 07:38:16'),
('78','78','requested','2008-05-18 04:51:01','1978-10-04 00:08:33'),
('79','79','requested','1987-11-17 12:52:37','2006-08-01 19:08:12'),
('80','80','declined','1998-06-11 08:57:41','1988-01-14 13:57:54'),
('81','81','approved','1978-08-14 20:01:42','2004-09-06 13:50:16'),
('82','82','approved','2004-03-25 12:35:48','1978-06-29 18:56:03'),
('83','83','declined','1984-08-09 07:01:12','2018-04-01 19:32:34'),
('84','84','unfriended','1971-04-05 04:47:14','2003-03-15 17:38:09'),
('85','85','unfriended','1994-04-04 16:18:22','1984-03-17 19:43:03'),
('86','86','requested','1983-07-11 11:23:51','2007-08-05 09:04:33'),
('87','87','declined','2010-10-06 02:05:23','1989-04-30 02:01:09'),
('88','88','unfriended','2005-10-30 18:42:45','2015-09-07 14:38:10'),
('89','89','unfriended','1977-12-06 04:46:41','1976-06-04 00:47:56'),
('90','90','unfriended','1982-12-19 01:57:09','1978-07-31 20:14:01'),
('91','91','approved','1997-06-10 14:40:08','1989-05-24 13:01:43'),
('92','92','requested','2019-06-12 15:39:42','2005-08-20 02:26:35'),
('93','93','declined','2010-02-01 09:48:18','2000-10-21 00:22:19'),
('94','94','unfriended','2008-04-03 12:33:59','1975-05-05 09:21:39'),
('95','95','unfriended','2015-01-16 23:56:42','1996-02-25 00:18:13'),
('96','96','declined','1972-06-07 18:57:35','2005-07-17 23:47:10'),
('97','97','declined','1976-01-19 01:43:48','1972-04-02 19:07:05'),
('98','98','declined','2001-05-06 02:19:08','2010-06-20 01:10:43'),
('99','99','approved','1976-09-18 07:41:15','2000-12-05 01:50:56'),
('100','100','unfriended','2012-05-25 09:49:07','1991-04-13 18:51:44'); 


INSERT INTO `likes` VALUES ('1','1','1','2016-07-13 12:36:45'),
('2','2','2','1992-08-23 22:10:58'),
('3','3','3','1986-07-28 04:07:55'),
('4','4','4','1998-06-04 01:48:06'),
('5','5','5','1976-08-08 08:15:44'),
('6','6','6','1986-05-14 03:06:19'),
('7','7','7','1998-12-15 23:46:27'),
('8','8','8','1983-07-29 15:47:41'),
('9','9','9','1979-07-23 10:39:36'),
('10','10','10','1987-11-21 02:44:37'),
('11','11','11','2012-05-27 21:26:02'),
('12','12','12','2016-10-18 16:58:34'),
('13','13','13','1999-01-27 02:19:14'),
('14','14','14','2009-04-05 11:58:14'),
('15','15','15','2012-01-28 13:25:34'),
('16','16','16','2013-02-08 10:12:56'),
('17','17','17','1987-08-16 17:53:27'),
('18','18','18','1986-05-23 02:50:43'),
('19','19','19','1979-02-21 18:17:24'),
('20','20','20','1997-11-22 01:21:46'),
('21','21','21','1995-03-06 21:52:32'),
('22','22','22','2011-12-16 09:35:34'),
('23','23','23','1984-01-03 18:19:47'),
('24','24','24','2007-10-15 20:31:14'),
('25','25','25','2012-09-07 06:42:12'),
('26','26','26','2006-11-09 10:46:44'),
('27','27','27','1980-12-20 15:04:21'),
('28','28','28','2005-01-08 22:20:09'),
('29','29','29','1991-09-04 11:15:07'),
('30','30','30','2002-05-25 09:04:40'),
('31','31','31','2000-11-15 16:32:58'),
('32','32','32','2015-05-11 21:21:36'),
('33','33','33','1974-12-03 23:59:19'),
('34','34','34','1977-11-18 18:23:57'),
('35','35','35','2005-12-10 07:18:31'),
('36','36','36','1980-05-14 15:42:03'),
('37','37','37','1977-01-02 15:51:21'),
('38','38','38','1993-06-30 21:50:47'),
('39','39','39','1977-08-23 05:03:24'),
('40','40','40','1993-03-16 18:53:14'),
('41','41','41','1974-10-17 07:49:00'),
('42','42','42','1997-09-07 16:04:02'),
('43','43','43','1986-10-12 00:07:35'),
('44','44','44','1990-10-02 20:14:39'),
('45','45','45','2010-12-27 14:09:46'),
('46','46','46','2000-06-17 19:25:56'),
('47','47','47','2000-01-07 21:42:24'),
('48','48','48','2004-06-14 09:06:48'),
('49','49','49','1981-05-22 15:45:23'),
('50','50','50','1982-12-06 12:20:55'),
('51','51','51','1981-10-15 01:38:33'),
('52','52','52','2018-06-24 10:47:27'),
('53','53','53','1979-07-18 13:34:23'),
('54','54','54','1976-08-15 07:56:04'),
('55','55','55','1972-06-22 04:16:58'),
('56','56','56','2015-03-06 00:53:18'),
('57','57','57','1992-12-28 13:51:53'),
('58','58','58','1970-04-02 19:48:30'),
('59','59','59','1997-11-20 11:19:50'),
('60','60','60','1970-12-23 00:31:25'),
('61','61','61','1989-11-01 07:32:51'),
('62','62','62','1983-03-16 16:20:18'),
('63','63','63','1979-01-10 10:57:29'),
('64','64','64','1991-10-17 21:02:32'),
('65','65','65','1982-04-26 02:08:21'),
('66','66','66','1989-10-08 09:15:40'),
('67','67','67','2004-07-12 14:43:07'),
('68','68','68','1971-09-06 09:32:05'),
('69','69','69','1999-05-11 02:31:22'),
('70','70','70','2011-07-19 11:37:16'),
('71','71','71','1983-11-28 10:49:59'),
('72','72','72','2000-01-22 09:46:01'),
('73','73','73','1971-06-07 06:23:15'),
('74','74','74','1999-06-12 15:34:12'),
('75','75','75','1972-10-09 11:16:57'),
('76','76','76','1999-07-18 18:09:57'),
('77','77','77','1999-12-24 13:32:17'),
('78','78','78','1998-02-07 23:16:09'),
('79','79','79','2004-11-19 05:22:22'),
('80','80','80','2005-05-16 18:09:42'),
('81','81','81','1991-08-21 17:20:15'),
('82','82','82','1978-09-18 06:22:39'),
('83','83','83','2003-02-20 05:16:10'),
('84','84','84','1996-12-28 12:51:21'),
('85','85','85','1991-08-03 00:50:06'),
('86','86','86','2006-05-17 18:49:34'),
('87','87','87','2005-04-13 15:10:04'),
('88','88','88','2013-10-23 15:37:47'),
('89','89','89','1984-06-08 02:39:09'),
('90','90','90','2004-11-03 14:04:02'),
('91','91','91','1971-10-03 10:11:23'),
('92','92','92','2014-08-26 09:02:18'),
('93','93','93','1986-04-19 08:33:57'),
('94','94','94','1973-07-01 14:56:10'),
('95','95','95','1995-03-31 12:25:20'),
('96','96','96','1978-02-16 07:15:18'),
('97','97','97','2005-03-17 14:12:49'),
('98','98','98','1990-06-26 14:41:49'),
('99','99','99','1978-06-19 18:18:22'),
('100','100','100','2013-07-06 16:32:34'); 


INSERT INTO `media_types` VALUES ('1','excepturi','1994-05-17 09:19:58','2010-11-10 22:49:49'),
('2','dignissimos','1995-07-09 04:34:16','1977-08-05 07:20:24'),
('3','velit','1995-07-22 10:59:14','2002-06-19 19:29:08'),
('4','occaecati','1978-01-27 15:09:48','1980-07-29 23:06:02'),
('5','magnam','1993-09-01 21:30:23','1972-05-08 02:38:52'),
('6','alias','1986-06-29 03:55:43','1998-02-19 18:28:30'),
('7','excepturi','2017-03-12 15:54:55','1997-02-28 19:26:47'),
('8','cumque','2015-09-11 13:50:34','1978-02-27 16:25:10'),
('9','omnis','2005-03-08 01:37:43','1982-10-08 06:47:12'),
('10','harum','1977-05-20 14:08:24','2019-01-18 14:25:15'); 


INSERT INTO `media` VALUES ('1','1','1','Voluptatem temporibus tenetur omnis facere labore. Ipsa recusandae et consectetur aut autem beatae voluptate. Ab est in est earum voluptas quo esse. Pariatur necessitatibus illum eos ullam aliquam. Qui suscipit ut laborum quam est in beatae.','quidem','579930663',NULL,'2014-05-17 07:20:28','2007-10-11 08:18:45'),
('2','2','2','Eaque corrupti et et doloremque exercitationem sed molestiae. Omnis ratione rerum temporibus magnam. Saepe veritatis omnis quo voluptatem dicta tempora sit.','quidem','29',NULL,'2001-07-05 03:54:05','2009-07-05 08:26:45'),
('3','3','3','Hic cumque reprehenderit dolore voluptas excepturi. Deserunt illum repellendus et voluptatem aliquam tempora.','atque','943423834',NULL,'1987-07-25 19:56:02','1999-06-02 19:52:21'),
('4','4','4','Mollitia delectus sit in quae et labore ea accusantium. Molestiae cumque vitae nobis minus. Molestias libero perferendis at consequatur quia eos.','accusamus','0',NULL,'1997-02-13 05:21:25','1979-04-30 03:38:16'),
('5','5','5','Sed voluptates adipisci quaerat non molestiae sit architecto. Ut impedit sunt dolore animi dolor sed. Sit veritatis iure quia non sed cum. Rerum dolor distinctio enim vel nulla eaque.','necessitatibus','946259',NULL,'1988-10-04 03:39:24','1971-04-24 13:53:14'),
('6','6','6','Soluta saepe accusantium tempora occaecati. Sit enim labore voluptatem vero. Sunt voluptas sunt quia magnam at fuga.','nulla','742986',NULL,'1988-06-14 22:45:02','2011-03-01 19:20:04'),
('7','7','7','Odio sit dignissimos necessitatibus autem voluptates distinctio. Consequuntur rerum iusto reiciendis. Quo omnis autem cum dolorem repellendus reiciendis non. Et veritatis et molestiae iste distinctio sit.','autem','6894370',NULL,'2017-05-21 10:07:53','1975-06-11 13:41:34'),
('8','8','8','Sint quia quod voluptatum pariatur consequatur repellat. Explicabo odit molestiae perferendis molestiae dolorem.','consequatur','2849',NULL,'2013-04-21 04:11:37','2007-09-20 00:10:46'),
('9','9','9','Mollitia laborum repellendus qui laudantium cumque dolores quia. Quis velit et laborum molestiae dolorum. Vel eveniet perferendis minus rerum iste. Qui sint quis dolorem nemo nulla aspernatur et molestias.','omnis','0',NULL,'1996-12-10 05:24:58','2014-02-26 05:20:37'),
('10','10','10','In cumque atque architecto eveniet nostrum odit consequatur. Voluptatibus voluptas at et et optio.','maiores','735',NULL,'1992-09-29 02:10:04','2002-10-03 13:49:26'),
('11','1','11','Blanditiis et maiores ipsa ipsa ut. Aut repellat itaque libero nihil aut voluptate libero. Non voluptas eaque debitis atque magni quae. Laboriosam sunt sunt in porro harum est.','rerum','14',NULL,'1992-10-15 02:16:34','2001-05-13 17:21:57'),
('12','2','12','Laboriosam sunt est alias quas. Voluptas consequatur nihil et amet. Assumenda omnis voluptate non odit reiciendis sapiente magni. Inventore dolore dolorem neque dolor.','dolores','8',NULL,'1990-05-17 01:36:38','1994-11-19 02:59:40'),
('13','3','13','Inventore molestiae et quis quo voluptatem laboriosam quaerat. Dolores earum sint quos hic quia vero. Aut ducimus dolore beatae assumenda est aliquid dignissimos.','voluptates','8',NULL,'1977-07-30 14:24:53','2011-05-02 04:20:45'),
('14','4','14','Ut at saepe voluptas rerum. Aut laborum accusantium dicta voluptates et necessitatibus veritatis in. Optio cumque doloremque voluptatem beatae beatae accusamus nam.','voluptate','55676',NULL,'1970-10-28 13:59:58','2015-03-15 16:17:53'),
('15','5','15','Qui et iusto nam reiciendis. In corporis suscipit aspernatur pariatur asperiores velit. Provident id blanditiis alias nobis.','vitae','959',NULL,'2019-10-01 07:27:24','1984-04-24 09:15:55'),
('16','6','16','Ad architecto maiores sunt beatae illum eum. Optio omnis quibusdam quae omnis vitae.','est','0',NULL,'2015-01-04 10:50:12','1991-02-13 11:33:23'),
('17','7','17','Magnam veniam rem autem nemo harum odit. Ea mollitia facere excepturi quas ut voluptatem vel enim. Ullam est itaque corrupti vel. Neque ut rem et quaerat doloribus inventore distinctio qui.','suscipit','359634730',NULL,'2017-01-08 13:46:36','2008-09-23 02:59:44'),
('18','8','18','Beatae blanditiis ipsam quo ut quos. Mollitia ab labore est est vitae alias iure tempora. Tenetur iure alias pariatur assumenda et quaerat et.','est','322538839',NULL,'1977-03-26 18:56:20','2009-05-17 00:04:23'),
('19','9','19','Dolores est eligendi accusamus debitis et qui odio. Tempora hic dolor commodi.','dolores','467',NULL,'2000-06-11 12:25:35','1994-03-09 14:24:42'),
('20','10','20','Quod vel commodi reprehenderit quod rem vero iste. Animi iste qui in voluptates quo consequatur ut necessitatibus. Quo consequatur eaque aut doloremque fugit vel in culpa.','voluptatum','3303',NULL,'1983-06-11 22:01:52','1972-04-14 22:12:32'),
('21','1','21','Illum reiciendis tempore consectetur odit error qui non. Assumenda id vel architecto modi ipsum earum minus. Rerum illo recusandae reiciendis excepturi.','veritatis','0',NULL,'1980-04-04 12:18:48','1982-01-17 04:11:24'),
('22','2','22','Minima sint suscipit ut deleniti. Id soluta culpa et qui in. Quibusdam rem harum inventore. Velit fuga odio et ullam exercitationem excepturi voluptatem.','sunt','65',NULL,'1974-06-05 20:15:21','1994-01-27 22:38:58'),
('23','3','23','Ut est commodi perspiciatis sunt. Similique enim sapiente officiis.','voluptates','0',NULL,'1992-12-16 16:45:14','2001-09-15 20:35:54'),
('24','4','24','Qui dolor non sit et possimus quam. Qui soluta dolorum cum reiciendis qui. Eum voluptas corporis tempora dolorem mollitia.','non','85552',NULL,'2010-05-12 12:45:28','1978-10-14 15:43:30'),
('25','5','25','Autem quo voluptate quos sit magni quaerat. Illo ad eius earum perferendis consequatur inventore. Vel sed autem vitae qui nisi.','ut','266203',NULL,'2008-10-30 21:57:02','2007-06-27 17:37:14'),
('26','6','26','Dolorem quis provident et corrupti sint. Rem maiores est quam. Enim blanditiis doloribus sed minima ex minus. Et ut et id enim accusantium.','non','92489347',NULL,'1977-08-08 13:42:29','1986-04-13 17:37:01'),
('27','7','27','Ipsa eius temporibus mollitia adipisci et minima. Aliquid perspiciatis dolorem ipsum voluptas delectus officia et. Dolorum et eaque dolores omnis. Rem aut accusamus corrupti aliquid cupiditate.','qui','40',NULL,'1986-08-19 00:14:55','2016-02-04 11:04:27'),
('28','8','28','Quo praesentium fugiat alias laboriosam. Sunt consequatur est suscipit sed. Maxime unde qui eum voluptate qui impedit quod dolores.','aut','741130214',NULL,'1991-08-06 02:24:48','1987-02-11 17:23:19'),
('29','9','29','Aut magni iusto in doloribus ratione quo quo. Consequatur similique officia culpa.','ut','236093769',NULL,'1985-09-09 01:19:41','2002-01-11 09:37:46'),
('30','10','30','Vitae magnam voluptatum quis voluptatum. Et cumque expedita quia dolores. Ipsum dicta optio eum.','occaecati','31',NULL,'1976-09-07 08:36:39','2010-08-05 15:41:47'),
('31','1','31','Accusantium fugit ut in consequatur libero qui. Consequatur error autem non perferendis voluptatibus et. Consequatur sit commodi rem quasi nesciunt.','officia','837',NULL,'2003-12-17 13:28:42','2008-10-18 11:07:21'),
('32','2','32','Est natus dicta sequi earum aut officia. Sit maxime soluta ea sed quae beatae. Et voluptatum et quae explicabo et placeat. Adipisci molestiae earum quos ratione laboriosam eos.','ut','554',NULL,'1979-04-10 17:59:21','2017-09-24 08:59:54'),
('33','3','33','Voluptate soluta quis fugit est reiciendis. Voluptatem ab nihil placeat mollitia debitis magni. Optio qui ex tenetur repellendus illo harum. Voluptas commodi perspiciatis fugit cum molestiae non rerum.','molestiae','8552',NULL,'2002-10-08 23:15:20','2010-10-16 19:51:09'),
('34','4','34','Esse harum et amet in omnis aut ea. Expedita omnis consequatur ex consectetur nostrum libero facere soluta. Sed modi exercitationem culpa voluptas aperiam dignissimos. Sed quia asperiores ut aliquid.','omnis','12887',NULL,'1978-09-29 11:53:41','1984-01-30 21:14:41'),
('35','5','35','Molestias sed assumenda nulla sed rerum occaecati. Natus odit perspiciatis dolore minus hic. Sit et sit ratione nihil aliquid qui.','quisquam','56216',NULL,'2008-10-13 07:52:48','1970-01-09 17:05:45'),
('36','6','36','Excepturi est quia voluptas id ullam. Et dolorem qui nihil iste. Amet repellendus voluptas aut qui culpa ullam tempore. Quod omnis distinctio veniam non dignissimos repudiandae dolor.','quidem','26194',NULL,'2004-12-22 12:06:25','1975-03-26 03:31:15'),
('37','7','37','Hic a veniam ducimus ipsam sed inventore rerum doloremque. Et nihil velit nobis. Velit minima autem a aut nulla velit. Molestiae excepturi explicabo molestiae quia.','ea','64',NULL,'1977-08-10 20:06:58','1982-01-31 15:44:41'),
('38','8','38','Dolor est repellat non quis quam. Praesentium ipsa laboriosam est. Aliquam voluptate dolorem ipsam enim possimus reiciendis qui.','et','0',NULL,'2013-04-07 16:10:56','2014-04-13 12:50:51'),
('39','9','39','Omnis ipsum magnam distinctio esse atque tempore et. Odit omnis tenetur praesentium explicabo atque. Architecto enim perspiciatis rem aut reprehenderit facere.','nihil','0',NULL,'2007-11-05 16:52:53','1984-09-01 21:06:23'),
('40','10','40','Quo a et facilis et odio dolorem pariatur minus. Repellat magni id impedit dolorem. Omnis praesentium deleniti quo quia recusandae et ipsam. Corporis pariatur non distinctio quod debitis repudiandae.','voluptatem','937864657',NULL,'2003-03-06 04:52:24','2003-06-22 20:03:14'),
('41','1','41','Aut eligendi dolorum velit eos iste et voluptate. Corporis quo velit nihil deserunt voluptate. Consequatur maxime sit nobis enim aut sed quos. Consequuntur maiores culpa accusantium similique. Et incidunt omnis sit quo qui.','autem','83',NULL,'2012-06-15 11:31:37','1982-12-13 20:44:02'),
('42','2','42','Quos impedit architecto consequatur sed. Omnis nihil dolor velit dolores in cumque possimus. Harum necessitatibus ducimus recusandae quos.','inventore','14',NULL,'2010-11-08 13:04:53','1974-07-24 08:48:56'),
('43','3','43','Dolores est iure quibusdam et laboriosam. Veritatis nihil sapiente qui occaecati ipsam et ullam. Laborum dolorem dolor aperiam molestiae a.','distinctio','452772084',NULL,'1981-07-26 22:04:10','1993-05-08 13:51:26'),
('44','4','44','Quos libero distinctio quo inventore omnis facilis. Nam libero et asperiores unde odio et ut. Illo consequuntur pariatur consequuntur et asperiores et.','autem','26016',NULL,'2017-03-15 11:24:10','1992-03-24 16:17:18'),
('45','5','45','Esse quis a porro dolorem aut sed. Iure eum impedit veniam tempora possimus deleniti. Ut ut sunt deserunt molestiae.','provident','26',NULL,'1973-07-19 16:01:24','1991-05-09 01:33:41'),
('46','6','46','Quae eum sunt aliquam eos odio unde odit. Aspernatur aliquid aut voluptas aliquid est. Repudiandae quisquam nam est.','et','43',NULL,'1975-09-08 01:28:09','1970-07-09 21:10:56'),
('47','7','47','Necessitatibus repellendus id qui ut. Ut consectetur molestias est quos. Eaque saepe officiis quod sit sapiente possimus. Fugit tempore aspernatur assumenda ut vel et.','ab','51074011',NULL,'1997-05-25 09:12:54','1989-04-04 07:14:46'),
('48','8','48','Cumque voluptates quas iusto ex eos minima voluptatem. Alias earum soluta sit eos quia ducimus. At rerum aut iusto praesentium.','aut','58138381',NULL,'1997-05-09 10:28:54','2011-10-26 07:06:50'),
('49','9','49','Repellendus qui aspernatur aut aperiam. Repellendus quo dolores doloremque corporis nisi placeat. Officia omnis voluptatem odit rerum.','architecto','342',NULL,'1985-01-21 21:32:19','1990-10-01 18:40:58'),
('50','10','50','Voluptatem occaecati necessitatibus aspernatur tempora rem aperiam est ut. Eum voluptatem voluptatem recusandae ea sint vel nam. Veritatis eum nostrum praesentium quo ducimus quae.','repellat','572642',NULL,'1972-09-12 09:13:53','2011-06-14 19:59:51'),
('51','1','51','Est occaecati id quis consequatur. Sit tempore reiciendis similique delectus est accusamus explicabo. Nisi voluptates nihil voluptas id quibusdam.','distinctio','8220424',NULL,'2012-12-12 05:09:12','1984-08-21 08:27:49'),
('52','2','52','Ut ipsa fugiat architecto aut. Ducimus dolorem quos harum aut corporis fugit. Magnam reprehenderit ut modi est sunt. In eum inventore eum similique delectus.','aliquam','7641749',NULL,'1975-06-30 03:39:10','2014-09-13 02:45:01'),
('53','3','53','At earum cum ut quisquam magni tempore quos accusamus. Eos rem non possimus est. Et dolores veniam fuga. Ducimus quisquam est rerum ut.','aut','6341444',NULL,'1992-03-29 10:26:10','1972-07-05 09:21:39'),
('54','4','54','Dolores corrupti eaque veniam in. Harum ipsum animi cumque corporis aperiam. Eum sit voluptatem in fugit numquam ullam.','dolores','908622',NULL,'1971-02-09 12:21:21','2013-01-30 03:28:48'),
('55','5','55','Aliquid id quisquam ducimus est. Odio aspernatur quaerat ut deleniti dolor architecto ad. Non quis libero ullam sequi.','dolor','437522',NULL,'1971-04-27 13:13:17','2004-09-19 15:29:08'),
('56','6','56','Velit animi suscipit nihil laudantium. Unde fugit sint possimus vel. Eveniet est quae id optio. Natus qui sunt ipsum doloribus inventore vel.','molestiae','51',NULL,'2016-05-15 09:33:24','2011-03-25 05:57:40'),
('57','7','57','Qui fugit minus corrupti at labore. Qui quis porro non magnam omnis. Vel aut consequatur deserunt et dolores.','placeat','7042281',NULL,'1981-04-19 18:38:54','1994-10-13 14:57:31'),
('58','8','58','Qui iste sed est tenetur fuga molestiae ratione. Vel rerum occaecati deleniti sint. Quis blanditiis magni et sunt id voluptatem.','sunt','87850',NULL,'1990-04-14 09:10:49','2002-04-21 22:48:02'),
('59','9','59','Provident tenetur quo cum. Non sint aut magnam et. Rem accusantium non eum. Nemo soluta dolor nam eum.','quo','8',NULL,'1970-06-10 23:39:35','1986-08-09 03:59:53'),
('60','10','60','A sed voluptate est ea laboriosam doloribus eos. Pariatur vel aperiam harum molestiae quibusdam dolor voluptate harum.','eos','229649',NULL,'1971-07-14 04:23:03','2002-07-16 01:50:38'),
('61','1','61','Reiciendis illo suscipit blanditiis dolores eligendi recusandae. Veniam veritatis occaecati quaerat autem maxime.','iure','442901020',NULL,'2006-09-13 05:28:52','2000-04-25 06:02:24'),
('62','2','62','Inventore debitis aliquam accusamus at veritatis inventore. Veniam occaecati est quibusdam dolorem magnam minus quo. Occaecati quas quo aperiam incidunt.','error','39656359',NULL,'1986-05-20 14:57:13','2002-02-05 22:47:36'),
('63','3','63','Dolores laudantium veritatis est voluptates deserunt. Ullam rerum quos iste suscipit repellat officiis. Velit cum dicta et. Ipsa aut earum nulla ad.','consequuntur','608120544',NULL,'1977-05-05 23:55:39','1975-01-24 12:20:03'),
('64','4','64','Sit earum similique corporis quis sint. Voluptatem quibusdam numquam inventore quis molestiae. Atque ipsam temporibus iure voluptates et sed quos. Voluptate earum veniam maiores aut magni commodi laboriosam. At illo qui consequatur sit.','neque','557209278',NULL,'2012-06-03 03:01:17','1981-04-18 03:02:50'),
('65','5','65','Doloribus quis commodi et et. Laborum doloribus vitae dolor sunt nisi eos. Enim modi earum rem est.','velit','38',NULL,'2007-12-08 20:28:39','2006-01-23 12:12:01'),
('66','6','66','Sequi id facilis velit. Sit ratione perspiciatis voluptatem voluptatem optio. Aut tempore minus earum mollitia inventore et.','sit','141',NULL,'1981-01-29 13:46:20','2018-09-20 04:01:53'),
('67','7','67','Est fuga rerum sint in ullam sunt sed. Autem facilis ut aut fugiat architecto. Est numquam voluptatum architecto nam aspernatur voluptatem maxime. Aspernatur odio nisi corporis sunt ullam quo tempora.','accusantium','99',NULL,'2004-03-30 01:45:21','1974-03-05 14:10:06'),
('68','8','68','Dolores tempora voluptas harum mollitia molestias nisi nemo quasi. Quasi officia minus in architecto quo dolor. Placeat et accusamus explicabo quidem ut. Ducimus consectetur amet ullam repudiandae.','beatae','73',NULL,'2008-06-06 02:43:03','1994-04-14 04:01:38'),
('69','9','69','Ipsum cum et tempora quaerat tempore sit officiis vel. Odit aut veniam molestiae consequatur asperiores. Doloremque doloribus ut aut sapiente. Aut accusamus dolor nemo odit.','ex','9',NULL,'1975-08-23 09:35:47','2013-11-21 06:51:58'),
('70','10','70','Modi eum magni porro autem. Necessitatibus beatae vitae sequi libero nobis. Quae quidem doloribus temporibus ex et omnis esse. Beatae corrupti possimus sed.','molestiae','6935588',NULL,'2019-07-04 09:24:59','1971-03-10 01:43:45'),
('71','1','71','Error eum sunt ut et. Labore est voluptatibus consequatur voluptatem magni vel. Doloremque pariatur quas et et. Fuga sunt maiores in sapiente.','ipsam','0',NULL,'2015-07-19 03:13:24','1992-07-16 03:33:31'),
('72','2','72','Nesciunt quia est dicta magni et rerum quia. Sed necessitatibus deserunt cum nihil qui consequatur aspernatur. Ad veritatis similique cum dolores animi. Saepe sed similique non.','vero','75256122',NULL,'1983-02-27 12:20:31','1984-12-07 08:12:00'),
('73','3','73','Doloremque itaque atque nisi iusto eos quo velit. Modi quam dolores rerum et. Corrupti quaerat dicta in dolorem officia. Et minus sit dolorem qui nemo asperiores aut quisquam.','dolores','0',NULL,'1996-03-08 23:59:07','2009-10-30 03:16:02'),
('74','4','74','Quas id corporis illo inventore quos omnis. Dolorem illo repellendus nisi sunt. Accusamus qui odit fugiat repellendus.','totam','66651063',NULL,'2008-05-21 21:38:25','1988-11-26 04:54:54'),
('75','5','75','Nihil voluptatem libero ipsam consequatur et provident quo. Magni qui et eos enim. Iste dignissimos quia accusamus harum rerum dolores minima.','eum','70251',NULL,'1984-08-20 14:19:46','1989-03-11 23:40:55'),
('76','6','76','Fuga voluptas omnis ut est quia. Perferendis molestias quo ut reprehenderit nisi cumque ut. Sit dolores est blanditiis culpa dolores ducimus laudantium dignissimos. Ipsum molestias iusto fuga dolor ut aut et.','tempora','936563',NULL,'2004-07-23 16:42:34','1985-02-07 01:37:14'),
('77','7','77','In sit tempora dolores sed dolore ut. Nam quo molestias laboriosam blanditiis odio. Aut architecto distinctio facere quo. Assumenda eveniet facere consectetur esse.','quibusdam','0',NULL,'2001-03-05 13:16:10','1995-11-02 11:34:51'),
('78','8','78','Sit ut animi vel libero quia ea eius. Autem optio praesentium error est inventore tenetur. Ad et magnam eveniet ipsum voluptatum voluptatem. Libero eos aperiam facere omnis.','numquam','660668733',NULL,'1974-08-13 21:32:49','1993-05-19 08:16:07'),
('79','9','79','Veniam rerum ipsa quia doloribus sed enim laudantium. Quibusdam veniam odit molestiae et commodi voluptatem ipsam. Minima voluptas adipisci vel reiciendis.','error','38027',NULL,'1971-01-01 21:37:03','1995-11-04 15:34:56'),
('80','10','80','Incidunt asperiores corrupti et vel voluptas doloremque. Expedita porro natus sint facere. Id quasi earum aut. Nam repellendus cumque odio aut.','et','9126',NULL,'1981-09-19 19:40:33','1982-04-22 09:08:31'),
('81','1','81','Ipsum repellendus ab voluptatem ut. Dolorum architecto officiis porro iure at distinctio. Et id aut animi dignissimos. Voluptatem optio optio voluptatem dolores perspiciatis et molestias ut.','ipsum','0',NULL,'1975-11-16 03:59:34','1998-01-25 03:43:35'),
('82','2','82','Id ad expedita recusandae aspernatur consectetur accusamus aspernatur. Aut animi at blanditiis aut. Debitis rerum voluptatem ex quia corrupti dolor ut ratione. Qui fuga occaecati qui.','vel','1072',NULL,'2008-10-18 11:21:16','1987-08-25 21:26:29'),
('83','3','83','Aut quisquam deserunt quia doloribus illum qui accusantium. Error sint laborum qui ullam.','fugit','7',NULL,'2008-06-15 21:36:38','2003-12-21 13:47:47'),
('84','4','84','Ipsum ut iusto assumenda eveniet. Sed dolores provident commodi cumque. Nam et enim amet ad vel enim et. Cupiditate doloremque ut explicabo adipisci odio iure.','provident','109930',NULL,'2013-05-15 06:46:08','2016-10-11 20:32:45'),
('85','5','85','Nihil a quibusdam iure autem incidunt non. Dolorem deleniti quod dicta omnis itaque id provident.','temporibus','326466433',NULL,'1974-07-18 15:56:11','1988-06-06 00:48:00'),
('86','6','86','Nostrum a impedit doloremque dignissimos qui in ut voluptatem. Molestiae dolor ad vitae blanditiis impedit et et. Quis tenetur nesciunt ducimus quibusdam culpa. Doloribus et labore iste.','dignissimos','856287',NULL,'2016-11-19 00:26:45','1982-01-15 06:11:16'),
('87','7','87','Ut quia et dolor dolorem impedit libero. Sit voluptatem mollitia adipisci et.','expedita','923',NULL,'1996-09-29 11:14:01','1991-09-04 16:16:55'),
('88','8','88','Ut ut enim voluptatem aut harum. Dolores optio aliquid sunt corporis ipsa sed illo. Qui omnis totam dolore est iste.','non','13',NULL,'2003-10-11 05:15:20','2007-11-18 00:12:03'),
('89','9','89','Dolorem suscipit iure harum facilis ullam beatae. Et a nobis delectus odit temporibus. Rerum mollitia quo quidem enim animi.','voluptas','1067291',NULL,'2019-03-02 06:38:28','2006-11-14 04:14:14'),
('90','10','90','Eaque voluptas sunt non sint accusantium facere. Repellat autem tempora illum. Optio ea sed qui est pariatur sint. Et numquam quo aut sit veritatis eius expedita.','sit','227957',NULL,'2010-12-11 08:25:31','1989-02-06 17:29:05'),
('91','1','91','Quas accusantium eius ratione reiciendis totam repellat. Dolore dignissimos et veritatis eos nobis. Reprehenderit assumenda animi modi a ab tempore ut.','repellat','31378256',NULL,'1995-04-12 13:54:03','1987-02-22 08:41:06'),
('92','2','92','Cum ea reprehenderit ipsum deleniti aut sed commodi. Nobis officia voluptas facilis. Cupiditate voluptatum autem veniam aliquam et.','dolor','4635603',NULL,'1978-09-04 01:05:36','1971-04-11 17:09:00'),
('93','3','93','Veritatis quidem est exercitationem eius. Unde itaque eum dolorem aut qui. Dolorem officiis ut dolores consequatur laborum aut animi.','quidem','180555',NULL,'1996-05-29 22:42:38','2019-09-06 13:56:57'),
('94','4','94','Quos sint corporis ratione excepturi. Delectus impedit minima ut quibusdam est aut. Quia numquam vel quasi dolores sequi. Ut fuga ullam est in velit quam.','asperiores','24559073',NULL,'2009-03-31 16:48:40','2009-06-19 20:15:02'),
('95','5','95','Sed officiis aliquam beatae. Voluptate cupiditate voluptas exercitationem. Itaque quisquam laborum rerum mollitia. Voluptate atque quia autem.','officiis','138836910',NULL,'1991-02-14 00:53:00','1975-02-09 22:06:31'),
('96','6','96','Dolores est provident qui saepe molestias. Animi ut non consequatur molestiae architecto id quos consequatur. Iure molestias mollitia amet amet.','ducimus','14388769',NULL,'1991-04-13 00:28:12','2013-01-22 12:55:16'),
('97','7','97','Autem iure voluptatibus delectus quasi aut vel. Ad doloremque molestias modi voluptatibus. Delectus sint alias cumque maiores omnis.','dignissimos','0',NULL,'1994-09-04 13:19:31','2017-05-20 16:54:44'),
('98','8','98','Recusandae error cumque reiciendis voluptas veniam. Officia ut dolore dolor in et illo. Consequatur omnis nam voluptas repellat. Voluptas vel iste velit eius.','eos','56313562',NULL,'2011-11-16 23:38:05','1982-07-12 02:28:32'),
('99','9','99','Iste ut debitis quae dolorum iste. Modi qui cumque accusantium ex sit. Quia accusamus quae doloremque dolor ut.','ipsam','95740',NULL,'1994-05-13 21:16:49','1997-08-03 16:32:10'),
('100','10','100','Alias provident vel quis dolore earum. Rerum itaque sit molestiae. Totam recusandae at maiores.','nulla','741267',NULL,'2005-12-07 20:05:19','1990-09-30 20:32:22'); 



INSERT INTO `messages` VALUES ('1','1','1','Consequuntur ab nemo necessitatibus labore. Qui sunt velit sit dignissimos. Corporis porro iusto non qui fugiat.','2004-11-18 19:50:31'),
('2','2','2','Placeat recusandae ducimus magni et dolorum consequatur consequatur. Minus voluptatem libero rem ducimus et id saepe minus. Nam sunt modi tenetur. Aut perferendis et temporibus et molestiae.','2000-12-31 06:44:41'),
('3','3','3','Earum voluptatem quis provident. Reiciendis omnis doloribus aut voluptas. Esse magnam quidem modi quis voluptas.','2009-03-01 18:12:18'),
('4','4','4','Quae nihil aut quasi saepe. Expedita ratione qui eaque culpa aperiam rem. Aut accusantium consequatur quidem perferendis et aut asperiores. Reprehenderit repudiandae beatae repellat quo quos.','1980-05-10 22:50:33'),
('5','5','5','Dignissimos pariatur in natus earum consequatur. Labore quis praesentium expedita voluptates fuga voluptas hic. Laudantium ipsa repudiandae doloremque neque enim aperiam. Corporis unde sed necessitatibus tenetur quo.','1995-02-23 16:19:49'),
('6','6','6','Voluptatum tempora accusamus saepe dignissimos. Voluptas dolorem eos quis ipsum quas. Provident alias rem pariatur dicta et illo.','1983-01-22 17:31:42'),
('7','7','7','Molestiae qui sunt consequatur dignissimos non veniam cumque. Quis ipsam accusantium architecto odit occaecati nesciunt. Et inventore dolorem eligendi iste sint aut. Veniam harum incidunt inventore pariatur.','1990-07-21 20:36:16'),
('8','8','8','Ut cupiditate recusandae dicta optio animi deserunt dolores. Est laudantium totam qui corrupti sapiente iure. A occaecati ducimus et non itaque omnis recusandae. Officiis illum ullam dicta consectetur. Vero sed et velit ea reiciendis alias doloribus placeat.','2012-07-13 14:17:07'),
('9','9','9','Laboriosam fugiat vitae impedit ut. Voluptate perspiciatis est consequatur qui sit quo qui. Quaerat voluptas odio ipsa ipsa. Laboriosam eligendi distinctio repellat accusamus.','2016-06-25 22:38:00'),
('10','10','10','Provident sunt officiis non voluptas et. Laboriosam assumenda voluptatem labore quibusdam eum odit. Rem error excepturi omnis eligendi culpa. Deleniti et eum amet architecto quis.','1993-03-09 15:33:34'),
('11','11','11','Velit eaque quis nisi ea. Officia et sed autem ut deserunt voluptates. Eius voluptates sequi numquam accusamus quia quasi. Ex qui minima aut est.','2011-08-25 06:32:11'),
('12','12','12','Aspernatur sed cumque nemo blanditiis delectus maxime fuga. Voluptatem ea excepturi facilis provident placeat sed itaque possimus. Reiciendis vel deserunt consequatur ea. Ut qui perferendis sed a qui voluptatem quaerat.','2009-12-10 19:33:51'),
('13','13','13','Suscipit nesciunt nesciunt dolorum rem. Aut aut molestiae eaque consequuntur officiis qui voluptas. Veniam fuga voluptatem iusto eaque ex dolorum.','1996-06-04 02:28:06'),
('14','14','14','Sit eos rem esse maxime. Exercitationem accusamus non quia saepe doloribus. Sit et cupiditate ratione voluptas debitis ipsam.','2009-08-11 01:39:46'),
('15','15','15','Dolorum enim aut repellat aut. Ratione voluptatem rerum dolores quasi qui est. Praesentium laudantium labore et nam quisquam suscipit. Vero alias aliquid dolorem sequi voluptas. Autem architecto sunt minima voluptas deserunt.','2011-01-11 14:46:10'),
('16','16','16','Non libero fugiat maxime et consequatur. Id dolor sunt laudantium aut. Tempora deserunt vero nesciunt aliquid ab atque maxime. Totam occaecati eveniet consequatur repellendus. Dolor est et excepturi ut.','2002-05-02 14:06:35'),
('17','17','17','Possimus voluptas voluptatem corrupti in dolores architecto. Ut expedita reprehenderit explicabo soluta. Fuga est iste sequi laboriosam enim consequuntur.','1973-11-06 02:31:14'),
('18','18','18','Similique dolorum qui explicabo magnam blanditiis voluptatibus omnis. Velit voluptatum nostrum vero ut inventore. Odio officia dolores et animi.','2018-06-03 07:22:45'),
('19','19','19','Quo consectetur modi quo consequatur optio. Velit expedita nulla sunt cumque. Optio est sunt et laborum quibusdam animi possimus. Optio quod et fugit nemo reiciendis.','1980-05-14 03:33:01'),
('20','20','20','Et error labore animi voluptatem aut eius. Cupiditate magnam alias dolor ipsa et dolores accusantium inventore. Qui blanditiis aut et voluptas.','2012-05-01 18:45:48'),
('21','21','21','Non pariatur eius magni. Ducimus optio animi minus amet. Inventore veniam ratione omnis sit nostrum in rerum. Mollitia adipisci reprehenderit aliquam alias excepturi in eum. Voluptas cum eos voluptatem aspernatur.','2007-09-30 16:45:42'),
('22','22','22','Autem numquam quia laborum voluptatum illo. In dolorem quaerat quod dolor suscipit voluptate. Saepe quaerat est earum quis. Veniam fugiat est suscipit facere maiores.','1988-06-22 16:40:19'),
('23','23','23','Enim quia odio recusandae corrupti omnis. Fuga in quo a a unde est ea. Rerum id nostrum velit voluptatibus adipisci provident. Dolore est dolor voluptatem nam ea iste magnam ex.','1987-11-15 17:26:45'),
('24','24','24','Illum quaerat molestias qui dolorem. Est facere aut cumque quis ullam. Facilis voluptatem quia fugit vitae dolorem ipsam rem. Et pariatur dolores vero inventore quis.','1987-08-19 03:04:24'),
('25','25','25','Id quasi est rem ipsum nesciunt dolorem molestiae. Rerum illum rerum est quia. Consequuntur ab nihil distinctio dolorem.','1992-12-26 03:44:20'),
('26','26','26','Omnis voluptates ipsam corrupti omnis assumenda facere. Est culpa tenetur qui nihil nostrum sit. Eum ab nam enim nihil asperiores voluptatum. Magnam accusantium quae distinctio voluptate aliquam.','2019-08-10 14:53:52'),
('27','27','27','Est quis autem dolorem neque. Accusantium perspiciatis voluptatem enim sit assumenda quam qui. Sit eligendi id libero aut esse quaerat nam quia. Et sit eligendi modi quo et.','1992-09-11 23:34:50'),
('28','28','28','Qui amet voluptate aut adipisci vitae porro exercitationem. Dolores qui est dignissimos cumque sunt qui. Pariatur quia officia cumque aut esse.','2011-11-30 01:26:54'),
('29','29','29','Sed perferendis eligendi aut repudiandae quo cum quia. Enim assumenda et voluptas. Cumque corrupti cupiditate modi vel. Vel et nisi maxime veritatis ipsa rerum.','1998-10-20 11:14:04'),
('30','30','30','Et ad asperiores et aspernatur sint aut. Qui sunt ipsa consectetur aperiam perspiciatis et qui.','1971-04-25 20:45:00'),
('31','31','31','Cumque maxime velit et sit consequatur eaque dignissimos blanditiis. Cum dolorem atque ratione optio et ullam possimus. Saepe autem autem commodi voluptatem ducimus autem.','2013-02-03 09:06:41'),
('32','32','32','Est voluptates odit facere enim aut expedita nihil. Error voluptate nemo sint quasi perspiciatis. Molestiae debitis error optio voluptatem veniam.','1985-07-28 17:09:36'),
('33','33','33','Veniam quod vel et a aut aut. Laboriosam repellendus molestiae voluptatem dolorem blanditiis provident.','1999-10-16 23:55:30'),
('34','34','34','Fugit doloremque magni voluptatum. Eius beatae atque quos excepturi provident rerum asperiores. Distinctio est officiis maxime dolor in. Quam assumenda enim qui ex voluptate hic.','1981-03-30 21:59:45'),
('35','35','35','Laudantium aliquam earum placeat iste qui consequatur consectetur. Placeat possimus corrupti culpa ut. Enim odit voluptas unde mollitia.','1973-08-05 04:54:28'),
('36','36','36','Consequuntur officia minima ut at est rerum harum. Sed numquam magnam ad. Impedit blanditiis quia dolores sapiente et itaque.','1997-12-08 16:27:26'),
('37','37','37','Iusto dolor sequi repellat laudantium. Dicta quia quisquam autem dolor delectus ipsa. Quasi a reprehenderit optio est rem magni. Nam accusantium aperiam et incidunt et consequatur.','1979-03-23 15:11:36'),
('38','38','38','Iste hic voluptatem neque non veritatis. Deserunt repellat voluptatem non. Molestiae deleniti aut sed mollitia et.','1995-06-13 04:08:38'),
('39','39','39','Sed suscipit sit non eum facilis non qui. Facilis qui quam rerum illum hic minus aut consequuntur. Et ratione sit eos doloremque non nisi rerum. Autem et sint enim.','1999-09-26 20:41:25'),
('40','40','40','Consequatur et officiis labore eum magni. Tenetur sint ut veniam et voluptatum repellat inventore. Rerum rerum nesciunt ipsa est quia omnis. Quam est nemo nihil similique sint et minus.','2010-01-29 20:03:24'),
('41','41','41','Consequuntur dolor et et libero delectus aliquam hic. Et quidem unde quia necessitatibus temporibus. Reiciendis quae molestiae quaerat itaque est modi sequi. Et sit porro ipsa exercitationem ducimus.','1996-01-01 09:16:38'),
('42','42','42','Assumenda velit voluptates et. Aut laboriosam officia voluptas dolorem quibusdam qui est. Inventore consectetur temporibus est aut.','1984-05-16 02:22:55'),
('43','43','43','Et est dolores voluptas dignissimos nihil velit. Aut distinctio quia deleniti sed eaque. Consequatur iusto vitae repellendus debitis.','2014-10-30 13:35:09'),
('44','44','44','Omnis aut voluptatibus sequi rerum nisi sit laboriosam. Temporibus nostrum consequatur modi reiciendis aut. Sint et ab et laboriosam. Necessitatibus dolorem voluptatibus earum quos nobis ea eum.','2005-10-09 23:06:09'),
('45','45','45','Et est itaque quia fuga ut. Qui velit non aliquam quo tempore.','2010-07-16 11:08:09'),
('46','46','46','Voluptas sapiente blanditiis repudiandae reprehenderit placeat dolorem consectetur. Nam non vitae alias laudantium ut eaque et fuga. Placeat debitis exercitationem qui provident eaque. Provident numquam officia explicabo placeat qui earum ex nesciunt.','2002-11-04 19:50:06'),
('47','47','47','Illum quam voluptatem ut dolores. Illum nihil non ut. Alias in qui velit et recusandae adipisci inventore. Quae ut ullam placeat et et quam. Maiores eaque quasi enim culpa facilis est repellat minus.','1981-01-09 19:19:22'),
('48','48','48','Architecto autem eum magnam quae soluta ab voluptates. Non aut sed voluptatem non repellendus. Doloribus at saepe dolorum.','1983-10-17 18:55:17'),
('49','49','49','At accusantium totam accusamus. Alias ex qui officia ipsa porro pariatur. Qui libero quibusdam et aut inventore nobis quisquam.','2016-07-10 22:49:49'),
('50','50','50','Laboriosam repellat dolorem quibusdam pariatur veritatis unde. Libero consectetur officia dolores eos est non repellat. Dolores cumque tempora autem mollitia quos architecto. Neque quo velit odit eius.','1995-03-01 20:45:51'),
('51','51','51','Minima rerum repellendus cumque omnis molestias. Consequuntur maiores fuga dolorem quia voluptatibus. Et dolores et ad dolor.','2002-09-05 04:35:13'),
('52','52','52','Perspiciatis amet dolore animi sed. Voluptas consequatur possimus tenetur asperiores molestiae vel. Occaecati illum ut molestiae suscipit molestias nostrum suscipit. Et quis ducimus minima est quo.','1993-08-26 20:54:47'),
('53','53','53','Ea delectus eos minus. Est neque in debitis dolores dolores voluptas. Quaerat quia officiis facilis reiciendis quia odio animi. Quae fugit quas dolorum ut.','1973-03-25 16:58:24'),
('54','54','54','Explicabo debitis dolore provident rerum a. Voluptatem aperiam quis explicabo dolores et architecto molestias. Sunt corrupti quia omnis suscipit.','2003-04-21 07:17:01'),
('55','55','55','Eos ut saepe voluptatum eum non voluptas. Veniam fuga est inventore. Quas ducimus saepe iste incidunt. Corporis illo et fugiat eum libero optio.','1972-05-21 22:37:25'),
('56','56','56','Consequatur pariatur qui excepturi aliquid. Voluptas non dolor laborum vitae magnam rem aliquid. Aut ut natus illo accusantium.','2010-08-16 13:52:03'),
('57','57','57','Dolores labore ipsam in maxime corrupti et. Dicta aliquid maxime consequatur dolorem. Libero libero nesciunt doloremque et quaerat tempore. Culpa iusto rerum incidunt ipsam quos odio blanditiis qui.','1984-03-31 23:54:07'),
('58','58','58','Voluptatem excepturi quia dolores tempora ipsam asperiores. Libero omnis neque velit est. Atque non accusantium voluptatum quia dolor et aperiam.','2001-04-01 21:03:44'),
('59','59','59','Tempora ut corporis hic et iure veniam velit. Voluptates blanditiis consequatur minus impedit assumenda blanditiis. Nihil tenetur harum quaerat quibusdam adipisci eum.','2016-10-25 05:10:34'),
('60','60','60','Totam ullam rerum est earum eum. Unde aut quod aliquam aut suscipit beatae illum. Minima vel eveniet corporis voluptatem.','1996-10-05 16:42:27'),
('61','61','61','Consectetur explicabo et earum consequatur rerum distinctio magnam. Rerum possimus dolor sint amet est numquam nam. Quia quia voluptatibus aut.','1999-09-10 06:11:09'),
('62','62','62','Et vel magni blanditiis sed. Vitae modi cum pariatur quibusdam officiis. Voluptatem quo eos provident quod est hic. Repudiandae excepturi maxime illo eum deserunt ipsa.','2018-04-08 16:56:36'),
('63','63','63','Quasi odit inventore at hic. Deleniti omnis et fugiat officia dolorum et maxime. Quam sapiente est pariatur. Dolorum modi dicta facilis est vero voluptatum repellat.','2015-11-29 20:13:13'),
('64','64','64','Aut officiis quia rerum omnis consequatur molestias. Quo rem voluptas omnis dolores et voluptas facere. Quibusdam ducimus quia ipsa rerum similique cumque sequi. Deleniti nihil laboriosam debitis aut.','1972-06-10 15:28:17'),
('65','65','65','Iste ut corporis nulla qui dicta cumque corrupti. Dolor est dignissimos quae quis dolorum dolorem quasi. Dolorum est temporibus suscipit.','2001-01-02 08:19:47'),
('66','66','66','Fuga voluptatem earum omnis est exercitationem expedita exercitationem. Et qui repudiandae aut accusamus omnis. Et sed eum quibusdam est et. Quos odit minus quia ullam nisi. Consequatur laboriosam non porro et dolor dignissimos.','2002-11-07 12:31:26'),
('67','67','67','Maiores corporis porro repudiandae placeat omnis totam. Suscipit corrupti quia qui rerum rerum et id. Est incidunt quis magnam consequatur enim sed similique. Maxime officia non similique animi dolor cupiditate minima.','2011-12-04 10:47:29'),
('68','68','68','Magni ex et fugit dolor. Consequatur dicta quia exercitationem aspernatur. Consequatur commodi quasi sed repudiandae.','1987-04-24 23:43:20'),
('69','69','69','Eos reiciendis velit sint. Sint natus nemo voluptatem laboriosam saepe voluptatem eos repellat. Accusantium et esse ipsum minus.','2010-06-12 20:10:30'),
('70','70','70','Sint voluptate iure reiciendis soluta qui quam. Dicta eaque reiciendis porro sunt aut occaecati perferendis. Rerum cum est quis cum eum. Ut facilis blanditiis nemo placeat quia sequi.','1993-07-07 23:06:11'),
('71','71','71','Enim ea eum est eum. Reiciendis inventore perspiciatis cum voluptatem. Rerum tempora voluptatem quasi tenetur velit voluptatem quidem. Sit consequatur qui accusantium eos corrupti doloremque. Repellat dolores cupiditate maxime qui.','1978-04-18 22:45:47'),
('72','72','72','Iste odio et iste dolorum nulla. Repudiandae accusamus distinctio qui.','2008-01-19 21:38:28'),
('73','73','73','Fuga iure quaerat est vitae laborum enim. Reprehenderit accusamus quia sint cum aut. Voluptas omnis ut nulla accusamus corrupti repellendus.','1972-11-17 00:54:33'),
('74','74','74','Voluptas eveniet ut voluptatibus necessitatibus esse. Quo nemo ut earum et possimus tempore. Minima maiores autem et veritatis repudiandae iste odit. Facere sint praesentium consequatur ratione.','1975-12-03 14:24:53'),
('75','75','75','Hic quibusdam reprehenderit repellendus nulla. Culpa est aut eos laboriosam aut officiis expedita. Incidunt distinctio assumenda velit eveniet dolores voluptate officiis. Temporibus ducimus nostrum nihil architecto maxime ducimus explicabo. Exercitationem sunt explicabo beatae.','1997-04-10 21:12:33'),
('76','76','76','Rem esse hic ipsam autem ipsa reiciendis. Esse magnam cumque quia vitae aut consequuntur delectus. Ut labore labore earum. Unde voluptas qui fugiat cupiditate quidem. Aut modi voluptate consequatur eos beatae quia.','1998-08-22 04:33:09'),
('77','77','77','Quae tenetur vitae dolor voluptas omnis quia iusto. Facilis iusto temporibus non voluptas distinctio. Est provident nisi optio. Placeat deleniti et quia ea ab consequatur possimus.','2005-07-08 08:11:04'),
('78','78','78','Sit sunt ut sapiente iusto. Libero qui ducimus sunt non odit similique non. Aut eos unde vitae in animi molestiae praesentium. Itaque maxime reprehenderit sit.','1995-05-23 11:44:35'),
('79','79','79','Ipsam fugiat accusamus explicabo ad temporibus. Vel eos eius sapiente assumenda vel perspiciatis. Blanditiis et id ipsum. Voluptatem ipsam consequatur est rem. Nisi sed rem voluptate suscipit placeat qui.','1995-11-19 18:03:05'),
('80','80','80','Velit illo necessitatibus voluptas provident. Asperiores deserunt aperiam porro ullam magni porro.','1999-03-07 07:08:36'),
('81','81','81','Itaque non accusantium vel vel. Vitae a error ipsa omnis veniam ipsam. Aliquam facilis molestiae voluptas amet aliquid voluptas incidunt. Quia officiis dolor dolorem corrupti illum.','1998-04-10 01:35:45'),
('82','82','82','Est quisquam quae reprehenderit dolor sed consequatur ut. Hic non voluptates inventore optio pariatur. Qui voluptas aut optio aut porro.','1977-05-24 03:00:14'),
('83','83','83','Praesentium ut pariatur voluptatibus id. Praesentium doloribus repellendus qui quasi velit. Pariatur magnam cumque consectetur ab perspiciatis perspiciatis sit. At dolores suscipit eligendi harum natus.','1993-01-27 10:51:56'),
('84','84','84','Sit dignissimos nam autem. Blanditiis ea porro aut neque illo ullam. Natus vel est quasi voluptatibus dolorum ipsam atque.','2012-06-11 19:01:47'),
('85','85','85','Et voluptas et qui vel. Dolores blanditiis maxime aut ut. Ullam explicabo dolor nemo magni et earum sequi ratione. Quos architecto nisi repellat expedita in eaque.','2013-12-05 04:28:33'),
('86','86','86','Dolore recusandae vel dignissimos facere et ducimus. Sapiente ab architecto molestias deserunt in. Nisi dolorum dicta praesentium sunt. Porro laudantium sit recusandae voluptatem. In odio sed ratione.','2009-04-26 18:12:49'),
('87','87','87','Iusto quasi nulla dignissimos assumenda quam doloribus. Dolores praesentium voluptate inventore est non mollitia. Doloribus corporis magni voluptatem amet.','2015-12-11 13:10:36'),
('88','88','88','Nobis aut minima excepturi alias. Quisquam optio rerum esse inventore eligendi nulla. Voluptatem ab quidem explicabo velit enim. Rerum voluptates deserunt sed asperiores neque molestias.','2016-11-26 00:42:45'),
('89','89','89','Vel recusandae ullam aliquam voluptates quibusdam qui labore. Accusantium voluptates aliquid facere libero. Ut minima et in asperiores quod. Dolorem voluptas modi voluptas placeat voluptatum eos.','2012-01-26 00:47:44'),
('90','90','90','Rerum dicta saepe a officiis velit. Eveniet labore maiores nesciunt consequatur labore qui. Blanditiis quisquam nihil magni minima aperiam facere. Velit dolorem ut similique possimus dolore deleniti.','1988-03-29 20:49:59'),
('91','91','91','Neque sit nihil qui ut. Animi est qui modi delectus quam. Quam repellendus animi et.','1979-01-18 01:33:08'),
('92','92','92','Ut iusto hic excepturi eaque error vero est. Consequuntur ipsa expedita omnis.','2013-12-16 15:48:16'),
('93','93','93','Animi veritatis quibusdam occaecati voluptates molestias repudiandae molestiae id. Incidunt architecto tenetur ipsa nulla. Dignissimos vel autem eum consequatur mollitia quam.','2000-07-20 06:49:44'),
('94','94','94','Corporis quis magnam ab eum ducimus ad laudantium blanditiis. Ut ipsum veritatis cupiditate eligendi tempore. Nihil laboriosam nesciunt voluptatem asperiores et. Modi soluta cum fugit quisquam et magnam quis.','1983-09-16 22:09:08'),
('95','95','95','Beatae aperiam doloribus aut minus nemo aut deserunt cum. Eveniet consequatur ipsa deserunt animi. Nihil totam nihil eos iure iusto est dolores repellat.','1970-01-20 11:43:34'),
('96','96','96','Consequatur eos omnis deserunt laboriosam nobis. Est repellendus ipsa et adipisci dolorum omnis. Voluptatibus dolores qui qui aliquam cupiditate qui. Et sequi voluptas necessitatibus commodi dicta voluptates id.','2009-10-03 22:51:00'),
('97','97','97','Exercitationem dolorem amet et aut eligendi. Sapiente vitae occaecati quibusdam. Et sit sequi quas veniam omnis accusamus magnam. Et voluptatem harum unde dolor.','1997-02-16 09:07:28'),
('98','98','98','Necessitatibus asperiores harum sit qui iusto rerum. Non dolore modi voluptatem consequatur natus voluptas. Et ipsam placeat similique autem.','1980-05-05 21:51:10'),
('99','99','99','Illum quasi perspiciatis nemo. Ipsum illum incidunt qui tempora maiores fuga facilis. Nam non qui veritatis saepe possimus ipsum.','2019-09-06 04:05:14'),
('100','100','100','Culpa a error et in et. Quod laudantium maiores aut id accusamus ut. Impedit delectus facilis rerum alias nostrum. Quos id odio explicabo sint ad in voluptatibus.','2022-09-12 07:21:31'); 


INSERT INTO `photo_albums` VALUES ('1','ut','1'),
('2','et','2'),
('3','aut','3'),
('4','est','4'),
('5','officiis','5'),
('6','quaerat','6'),
('7','inventore','7'),
('8','perspiciatis','8'),
('9','voluptate','9'),
('10','suscipit','10'),
('11','at','11'),
('12','id','12'),
('13','voluptatem','13'),
('14','velit','14'),
('15','dolorem','15'),
('16','aliquid','16'),
('17','animi','17'),
('18','sint','18'),
('19','exercitationem','19'),
('20','iure','20'),
('21','qui','21'),
('22','ratione','22'),
('23','ab','23'),
('24','temporibus','24'),
('25','magni','25'),
('26','corporis','26'),
('27','delectus','27'),
('28','quaerat','28'),
('29','repudiandae','29'),
('30','non','30'),
('31','quia','31'),
('32','vitae','32'),
('33','perferendis','33'),
('34','eius','34'),
('35','sint','35'),
('36','rerum','36'),
('37','eius','37'),
('38','qui','38'),
('39','nulla','39'),
('40','et','40'),
('41','iure','41'),
('42','ex','42'),
('43','ut','43'),
('44','labore','44'),
('45','dolore','45'),
('46','aperiam','46'),
('47','omnis','47'),
('48','eligendi','48'),
('49','eaque','49'),
('50','aliquam','50'),
('51','dolorum','51'),
('52','sunt','52'),
('53','repellendus','53'),
('54','sed','54'),
('55','qui','55'),
('56','iusto','56'),
('57','quia','57'),
('58','et','58'),
('59','quia','59'),
('60','maiores','60'),
('61','sequi','61'),
('62','amet','62'),
('63','et','63'),
('64','aspernatur','64'),
('65','aut','65'),
('66','quo','66'),
('67','debitis','67'),
('68','qui','68'),
('69','eum','69'),
('70','ratione','70'),
('71','omnis','71'),
('72','quos','72'),
('73','rerum','73'),
('74','provident','74'),
('75','enim','75'),
('76','dolorem','76'),
('77','illum','77'),
('78','dolores','78'),
('79','nisi','79'),
('80','voluptatem','80'),
('81','eum','81'),
('82','deserunt','82'),
('83','mollitia','83'),
('84','saepe','84'),
('85','qui','85'),
('86','veniam','86'),
('87','aut','87'),
('88','qui','88'),
('89','harum','89'),
('90','labore','90'),
('91','incidunt','91'),
('92','assumenda','92'),
('93','molestiae','93'),
('94','quis','94'),
('95','minima','95'),
('96','sit','96'),
('97','quo','97'),
('98','est','98'),
('99','culpa','99'),
('100','quo','100'); 


INSERT INTO `photos` VALUES ('1','1','1'),
('2','2','2'),
('3','3','3'),
('4','4','4'),
('5','5','5'),
('6','6','6'),
('7','7','7'),
('8','8','8'),
('9','9','9'),
('10','10','10'),
('11','11','11'),
('12','12','12'),
('13','13','13'),
('14','14','14'),
('15','15','15'),
('16','16','16'),
('17','17','17'),
('18','18','18'),
('19','19','19'),
('20','20','20'),
('21','21','21'),
('22','22','22'),
('23','23','23'),
('24','24','24'),
('25','25','25'),
('26','26','26'),
('27','27','27'),
('28','28','28'),
('29','29','29'),
('30','30','30'),
('31','31','31'),
('32','32','32'),
('33','33','33'),
('34','34','34'),
('35','35','35'),
('36','36','36'),
('37','37','37'),
('38','38','38'),
('39','39','39'),
('40','40','40'),
('41','41','41'),
('42','42','42'),
('43','43','43'),
('44','44','44'),
('45','45','45'),
('46','46','46'),
('47','47','47'),
('48','48','48'),
('49','49','49'),
('50','50','50'),
('51','51','51'),
('52','52','52'),
('53','53','53'),
('54','54','54'),
('55','55','55'),
('56','56','56'),
('57','57','57'),
('58','58','58'),
('59','59','59'),
('60','60','60'),
('61','61','61'),
('62','62','62'),
('63','63','63'),
('64','64','64'),
('65','65','65'),
('66','66','66'),
('67','67','67'),
('68','68','68'),
('69','69','69'),
('70','70','70'),
('71','71','71'),
('72','72','72'),
('73','73','73'),
('74','74','74'),
('75','75','75'),
('76','76','76'),
('77','77','77'),
('78','78','78'),
('79','79','79'),
('80','80','80'),
('81','81','81'),
('82','82','82'),
('83','83','83'),
('84','84','84'),
('85','85','85'),
('86','86','86'),
('87','87','87'),
('88','88','88'),
('89','89','89'),
('90','90','90'),
('91','91','91'),
('92','92','92'),
('93','93','93'),
('94','94','94'),
('95','95','95'),
('96','96','96'),
('97','97','97'),
('98','98','98'),
('99','99','99'),
('100','100','100'); 


INSERT INTO `profiles` VALUES ('1','w','1996-02-06','1','2010-07-11 13:41:59','Aronchester'),
('2','m','2011-03-09','2','2003-05-23 04:11:31','Wolffton'),
('3','w','1989-02-01','3','2010-11-23 10:43:55','Wilburnborough'),
('4','w','2013-01-23','4','1985-08-03 20:31:32','Joanastad'),
('5','m','1988-04-03','5','1985-10-02 14:42:43','Roxanetown'),
('6','w','1973-03-31','6','2010-06-17 09:08:22','Bergeland'),
('7','w','1990-08-13','7','1992-01-16 06:55:07','North Derick'),
('8','w','1979-12-23','8','1989-06-20 01:40:47','Bernhardville'),
('9','m','1985-02-26','9','2006-02-19 20:16:42','Edythemouth'),
('10','m','1981-07-20','10','2000-02-17 23:00:41','Lake Loy'),
('11','w','2008-10-25','11','1992-07-19 04:57:29','Morissettechester'),
('12','w','2001-10-09','12','1998-06-28 16:22:07','Mullerview'),
('13','m','1992-09-14','13','2001-08-05 00:29:25','Margestad'),
('14','w','1980-03-22','14','2007-06-18 12:17:48','East Demarioport'),
('15','m','1991-04-18','15','1993-05-30 19:02:03','New Ceciliaport'),
('16','m','2004-10-24','16','2019-02-28 20:22:01','South Nestorville'),
('17','w','2016-09-19','17','2002-11-04 12:14:13','Anabelleland'),
('18','w','1993-04-27','18','1979-01-23 20:42:03','North Sallystad'),
('19','w','2008-09-16','19','1986-07-15 14:00:01','Lake Kiera'),
('20','w','1982-03-08','20','1972-04-20 07:29:15','New Gunnarville'),
('21','m','1980-06-06','21','1971-03-07 12:30:42','Lake Jeffry'),
('22','w','1991-09-02','22','2001-12-18 21:04:56','Lake Diego'),
('23','w','2010-04-17','23','1984-08-11 07:39:57','New Vincenzo'),
('24','w','1988-11-29','24','2010-01-14 20:32:04','Strackebury'),
('25','w','1999-10-18','25','2012-05-28 06:30:42','East Demarcus'),
('26','m','1990-10-18','26','1974-08-10 17:37:04','Kovacekland'),
('27','w','2013-11-19','27','2007-07-23 04:48:25','New Joesphburgh'),
('28','m','2001-06-22','28','1974-05-03 18:00:14','Wisokyport'),
('29','w','1977-02-16','29','1975-02-03 12:18:26','North Krystinaview'),
('30','w','2016-08-24','30','1991-05-03 07:49:47','Arvidchester'),
('31','w','1994-03-21','31','2014-07-25 06:37:17','Sashastad'),
('32','w','1981-04-04','32','1982-12-01 00:14:21','New Deontefurt'),
('33','m','1980-06-03','33','2015-05-03 15:56:42','East Avery'),
('34','w','1990-07-12','34','1998-02-17 05:04:57','Lake Verlieside'),
('35','m','2019-05-15','35','2004-02-26 09:59:01','Breitenbergfurt'),
('36','m','1990-12-18','36','1995-09-09 15:55:06','Lake Jakobbury'),
('37','m','1972-10-15','37','1976-06-17 03:39:45','Lindgrenchester'),
('38','w','2011-08-08','38','1988-03-28 12:01:43','Obieshire'),
('39','m','1989-02-10','39','1973-05-26 12:57:09','New Nilsside'),
('40','w','2002-10-05','40','1985-11-11 00:39:15','Considinehaven'),
('41','w','1987-03-31','41','1987-11-09 20:36:34','North Ilene'),
('42','w','2013-06-06','42','2009-01-17 00:27:26','Walshborough'),
('43','m','2014-11-21','43','2018-12-20 18:05:40','Gorczanyfurt'),
('44','m','1970-08-13','44','2011-05-02 16:39:25','Kyleeshire'),
('45','m','1972-11-11','45','1970-05-29 04:51:09','Lednershire'),
('46','m','2005-02-28','46','2015-11-15 02:48:06','New Hilario'),
('47','m','2013-09-27','47','1996-02-26 10:22:29','Lake Sigmund'),
('48','m','1982-08-28','48','2010-08-03 14:31:23','North Jessycaview'),
('49','w','1999-04-06','49','1971-05-18 10:44:04','Wisozkmouth'),
('50','w','1998-09-22','50','1995-04-22 23:58:58','Erdmanbury'),
('51','m','2003-02-10','51','1996-01-01 05:26:46','Keelingshire'),
('52','m','1977-11-26','52','2001-11-05 08:45:34','Schillerside'),
('53','m','1986-01-30','53','2007-01-12 12:47:08','Deloresmouth'),
('54','m','2012-05-26','54','1997-09-30 16:46:40','Hanechester'),
('55','w','1995-02-16','55','2005-06-22 05:13:20','West Camrynstad'),
('56','m','1998-03-30','56','2003-09-05 10:47:03','Cornellmouth'),
('57','w','1998-08-08','57','1998-10-30 08:02:58','Port Dandre'),
('58','m','1971-08-18','58','2006-11-01 03:17:55','North Crawfordburgh'),
('59','w','2015-06-24','59','2008-07-05 00:46:28','Thompsontown'),
('60','w','1991-04-30','60','2008-08-16 15:20:15','Metztown'),
('61','m','2008-01-04','61','1985-01-02 16:48:01','Hoppemouth'),
('62','m','1978-01-15','62','2004-07-31 16:21:33','Walkerchester'),
('63','m','1980-12-19','63','2000-12-14 21:35:21','Rohanfort'),
('64','m','2009-11-07','64','1996-04-24 16:35:04','Tarynbury'),
('65','m','1982-04-05','65','2006-12-11 21:44:32','Lake Gagefurt'),
('66','w','1998-05-24','66','2007-04-14 06:58:48','West Rickymouth'),
('67','w','2014-03-21','67','2019-10-17 16:39:40','Port Jude'),
('68','w','1977-04-07','68','1975-02-10 06:11:56','Port Caleb'),
('69','m','2015-12-02','69','2009-06-15 17:28:13','Haleighport'),
('70','w','2017-01-14','70','1983-03-06 02:35:26','East Wardshire'),
('71','m','2008-01-02','71','2003-03-10 17:13:52','North Destini'),
('72','m','1983-11-23','72','1997-01-07 11:46:05','Port Dereck'),
('73','w','2001-09-21','73','2007-06-14 20:51:35','Mayemouth'),
('74','w','1992-09-04','74','1996-08-20 23:57:36','South Lailafort'),
('75','w','2007-05-22','75','1991-07-18 13:32:10','Lake Rosalinda'),
('76','m','1975-11-17','76','1992-05-10 15:03:58','Destinberg'),
('77','m','2015-05-19','77','1987-07-18 14:51:37','New Chet'),
('78','w','2005-02-25','78','2018-10-16 18:17:47','Baileyfort'),
('79','m','1972-10-16','79','1999-09-25 11:15:52','Beahanville'),
('80','m','2013-08-09','80','2003-09-04 09:53:26','North Kylee'),
('81','w','1986-03-21','81','2017-03-07 11:56:12','Anibalport'),
('82','m','1976-07-11','82','1987-11-26 00:16:08','Archshire'),
('83','m','2002-06-20','83','1997-07-18 15:22:42','Port Luz'),
('84','m','1989-02-17','84','2015-09-05 01:11:33','South Beryl'),
('85','m','1978-09-24','85','2007-10-30 18:10:54','Lukasstad'),
('86','m','1994-06-07','86','2002-11-11 17:08:38','Ferryport'),
('87','m','1977-04-20','87','1973-12-17 13:51:58','Pfannerstillberg'),
('88','w','2015-03-02','88','2011-10-08 08:58:30','North Dulce'),
('89','w','1977-10-05','89','1998-04-17 07:10:55','Romastad'),
('90','m','2011-07-24','90','1977-03-02 18:06:01','Daphneport'),
('91','w','1993-09-22','91','1973-12-08 09:50:52','Normaberg'),
('92','w','1986-09-27','92','1993-08-05 11:41:23','North Karson'),
('93','w','1971-08-14','93','2012-02-06 17:18:27','Schmittberg'),
('94','w','1974-08-12','94','2007-02-07 16:21:37','Bartonville'),
('95','m','1997-11-25','95','1983-06-05 19:55:08','Christopherhaven'),
('96','m','1985-06-25','96','1988-08-06 18:10:51','Marcosburgh'),
('97','w','2007-04-27','97','1971-03-06 22:27:50','West Derrickshire'),
('98','m','1998-05-29','98','1987-05-28 08:24:19','North Felix'),
('99','w','2017-04-26','99','1992-08-15 14:53:01','North Dannyhaven'),
('100','m','2000-05-10','100','1970-12-18 02:02:53','Eliezerside'); 



INSERT INTO `users_communities` VALUES ('1','1'),
('2','2'),
('3','3'),
('4','4'),
('5','5'),
('6','6'),
('7','7'),
('8','8'),
('9','9'),
('10','10'),
('11','11'),
('12','12'),
('13','13'),
('14','14'),
('15','15'),
('16','16'),
('17','17'),
('18','18'),
('19','19'),
('20','20'),
('21','21'),
('22','22'),
('23','23'),
('24','24'),
('25','25'),
('26','26'),
('27','27'),
('28','28'),
('29','29'),
('30','30'),
('31','31'),
('32','32'),
('33','33'),
('34','34'),
('35','35'),
('36','36'),
('37','37'),
('38','38'),
('39','39'),
('40','40'),
('41','41'),
('42','42'),
('43','43'),
('44','44'),
('45','45'),
('46','46'),
('47','47'),
('48','48'),
('49','49'),
('50','50'),
('51','51'),
('52','52'),
('53','53'),
('54','54'),
('55','55'),
('56','56'),
('57','57'),
('58','58'),
('59','59'),
('60','60'),
('61','61'),
('62','62'),
('63','63'),
('64','64'),
('65','65'),
('66','66'),
('67','67'),
('68','68'),
('69','69'),
('70','70'),
('71','71'),
('72','72'),
('73','73'),
('74','74'),
('75','75'),
('76','76'),
('77','77'),
('78','78'),
('79','79'),
('80','80'),
('81','81'),
('82','82'),
('83','83'),
('84','84'),
('85','85'),
('86','86'),
('87','87'),
('88','88'),
('89','89'),
('90','90'),
('91','91'),
('92','92'),
('93','93'),
('94','94'),
('95','95'),
('96','96'),
('97','97'),
('98','98'),
('99','99'),
('100','100'); 

-- скрипт самого задания
-- ii. Написать скрипт, возвращающий список имен (только firstname) пользователей без повторений в алфавитном порядке+

SELECT distinct firstname
FROM users 
ORDER BY firstname asc;

-- iii. Написать скрипт, отмечающий несовершеннолетних пользователей как неактивных (поле is_active = true). При необходимости предварительно добавить такое поле в таблицу profiles со значением по умолчанию = false (или 0)

ALTER TABLE profiles ADD COLUMN is_active BOOL DEFAULT TRUE; 

UPDATE profiles
SET 
	is_active = FALSE
WHERE
--  (SELECT DATEDIFF(year, NOW(), birthday)) < 17 -- не сработало
-- SELECT DATEDIFF(year, '2017-7-28', '2018-9-28') 
	(SELECT YEAR(NOW()) - 17) < (SELECT YEAR(birthday))
;

-- iv. Написать скрипт, удаляющий сообщения «из будущего» (дата позже сегодняшней)

DELETE FROM messages
where created_at > NOW()
;


-- v. Написать название темы курсового проекта (в комментарии)
-- Начал работать над базой данных систумы учета на предприятии 




